SPECIFICATION,VARIABLE,COEFFICIENT,SE_FIRM_CLUSTER,T_FIRM_CLUSTER,P_FIRM_CLUSTER,SE_EVENT_CLUSTER,T_EVENT_CLUSTER,P_EVENT_CLUSTER
basic,Intercept,-0.006032892949164861,0.008369697852307977,-0.7208017607829496,0.4710314919317018,0.0063975919936372205,-0.9429943258596244,0.3456838052299698
basic,Treat,-0.015665774994632793,0.009184659196292133,-1.7056457577606254,0.08807405445346239,0.007978615884326494,-1.9634702587208461,0.04959155701233153
basic,Post,-0.013390681678747096,0.008144775782053894,-1.644082297299328,0.1001592041111603,0.0077520997879692985,-1.7273618819417769,0.08410269191595354
basic,Treat x Post,0.012750205733493988,0.008567542757247266,1.4881986696487295,0.1366985080072587,0.010021354801534522,1.2723035942746594,0.20326527203386724
with_lean,Intercept,-0.013346687451903103,0.00906448507788617,-1.4724154033265326,0.140908736148726,0.008116247271256502,-1.6444407132801488,0.10008520115969799
with_lean,Treat,-0.012165887863055044,0.00924998557446136,-1.3152331714596737,0.18843155005321033,0.00832177521893779,-1.4619342079042512,0.14375923982564176
with_lean,Post,-0.01339068167874709,0.008164616921763774,-1.640086951667335,0.10098708905606757,0.00777098434649538,-1.723164155489018,0.08485884374916197
with_lean,Treat x Post,0.011233513306913799,0.010654784534797943,1.0543163280520371,0.2917381156474752,0.010948538380300939,1.0260285817808885,0.3048781119038195
with_lean,Lean,0.022641942848813334,0.016482697313825078,1.3736794662741338,0.1695412143362749,0.013444720439157891,1.6840768799378256,0.09216681188995124
with_lean,Treat x Post x Lean,0.009004115700745881,0.02145642662086318,0.41964656370090625,0.674743667030079,0.01790880014491713,0.5027760446196853,0.6151217378025537
