DATE,CULTURE_RAW,CULTURE_ORTHOGONAL
2002-04-01,1.0,
2002-05-01,0.0,
2002-06-01,0.0,
2002-07-01,0.0,
2002-08-01,0.0,
2002-09-01,0.0,
2002-10-01,0.0,
2002-11-01,0.0,
2002-12-01,0.0,
2003-01-01,0.0,
2003-02-01,0.0,
2003-03-01,0.0,
2003-04-01,0.0,
2003-05-01,0.0,
2003-06-01,0.0,
2003-07-01,0.0,
2003-08-01,0.0,
2003-09-01,0.0,
2003-10-01,0.0,
2003-11-01,0.0,
2003-12-01,0.0,
2004-01-01,0.0,
2004-02-01,0.0,
2004-03-01,0.0,
2004-04-01,0.0,
2004-05-01,0.0,
2004-06-01,0.0,
2004-07-01,0.0,
2004-08-01,0.0,
2004-09-01,0.0,
2004-10-01,1.0,
2004-11-01,0.0,
2004-12-01,0.0,
2005-01-01,0.0,
2005-02-01,0.0,
2005-03-01,0.0,
2005-04-01,0.0,
2005-05-01,0.0,
2005-06-01,1.0,
2005-07-01,0.0,
2005-08-01,0.0,
2005-09-01,0.0,
2005-10-01,0.0,
2005-11-01,0.0,
2005-12-01,0.0,
2006-01-01,0.0,
2006-02-01,0.0,
2006-03-01,0.0,
2006-04-01,0.0,
2006-05-01,0.0,
2006-06-01,0.0,
2006-07-01,0.0,
2006-08-01,0.0,
2006-09-01,0.0,
2006-10-01,0.0,
2006-11-01,1.0,
2006-12-01,0.0,
2007-01-01,0.0,
2007-02-01,0.0,
2007-03-01,0.0,
2007-04-01,0.0,-0.0017460626676001345
2007-05-01,0.0,0.007203180214707644
2007-06-01,0.0,0.0047057627897532095
2007-07-01,0.0,-0.005498482931687629
2007-08-01,0.0,0.015471519473726852
2007-09-01,1.0,1.020685996875767
2007-10-01,0.0,-0.13602632457487987
2007-11-01,0.0,-0.12742372204346897
2007-12-01,0.0,-0.11388065536526887
2008-01-01,0.0,-0.11098583439132573
2008-02-01,0.0,-0.08466077012245651
2008-03-01,0.0,-0.07935954558623401
2008-04-01,0.0,-0.07546565876298647
2008-05-01,0.0,-0.06881156032710782
2008-06-01,0.0,-0.06502254763159382
2008-07-01,0.0,-0.07187408380791635
2008-08-01,0.0,-0.05822456261591852
2008-09-01,0.0,-0.12221564686559258
2008-10-01,0.0,-0.08334630964127036
2008-11-01,1.0,0.945412800419396
2008-12-01,0.0,-0.15186831194232073
2009-01-01,0.0,-0.17313521218955627
2009-02-01,0.0,-0.17360152558812353
2009-03-01,0.0,0.02261481855125208
2009-04-01,0.0,0.05272891787010972
2009-05-01,0.0,0.027220084137820982
2009-06-01,0.0,0.03050026085072978
2009-07-01,0.0,0.030264019555632217
2009-08-01,1.0,0.9931168695348028
2009-09-01,0.0,-0.13962821891460217
2009-10-01,0.0,-0.11114808153147639
2009-11-01,0.0,-0.08712283748952378
2009-12-01,0.0,-0.07987130404200199
2010-01-01,0.0,-0.09854451904682483
2010-02-01,0.0,-0.07457136203910479
2010-03-01,0.0,-0.07328363654709244
2010-04-01,0.0,-0.06776845856366602
2010-05-01,1.0,0.9237971171415792
2010-06-01,0.0,-0.12398973742548648
2010-07-01,0.0,-0.16057794730877784
2010-08-01,0.0,-0.11473796537112517
2010-09-01,0.0,-0.1414627636970679
2010-10-01,0.0,-0.11515714684777346
2010-11-01,0.0,-0.12176671033494632
2010-12-01,0.0,-0.10353745786757751
2011-01-01,0.0,-0.08237774259514512
2011-02-01,0.0,-0.08767782480294631
2011-03-01,0.0,-0.02093464673236404
2011-04-01,0.0,0.001714405942709371
2011-05-01,0.0,0.02386925581817241
2011-06-01,0.0,-0.0051210572586760615
2011-07-01,0.0,-0.03368874329465299
2011-08-01,0.0,-0.06408683637360649
2011-09-01,0.0,-0.02216085922065132
2011-10-01,0.0,0.01099207828669009
2011-11-01,0.0,0.005150750573708729
2011-12-01,2.0,1.9880749926968002
2012-01-01,0.0,-0.18607833352482836
2012-02-01,2.0,1.866080474814527
2012-03-01,1.0,0.7066778926496837
2012-04-01,0.0,-0.36111878495652117
2012-05-01,0.0,-0.33318935061068633
2012-06-01,0.0,-0.3124078354066997
2012-07-01,1.0,0.7100555902462098
2012-08-01,0.0,-0.33701848932526635
2012-09-01,0.0,-0.31479345531262914
2012-10-01,0.0,-0.29886300282135525
2012-11-01,2.0,1.7091286863222555
2012-12-01,0.0,-0.38576642419561064
2013-01-01,1.0,0.6623872544132736
2013-02-01,0.0,-0.34367240017576317
2013-03-01,0.0,-0.31849028801350165
2013-04-01,0.0,-0.2874468159639003
2013-05-01,1.0,0.7558424357982385
2013-06-01,0.0,-0.33469382976678286
2013-07-01,0.0,-0.29910081294720015
2013-08-01,0.0,-0.27884534705207364
2013-09-01,1.0,0.6917229317167889
2013-10-01,0.0,-0.35884648539347647
2013-11-01,1.0,0.744223181088382
2013-12-01,1.0,0.6634543723873442
2014-01-01,0.0,-0.3891719025030176
2014-02-01,1.0,0.6459643681792936
2014-03-01,2.0,1.5927940887943774
2014-04-01,0.0,-0.5322044009141931
2014-05-01,0.0,-0.4948812787774016
2014-06-01,0.0,-0.4707174401250812
2014-07-01,0.0,-0.4374457839467124
2014-08-01,0.0,-0.4058294173285222
2014-09-01,0.0,-0.3741335063377012
2014-10-01,0.0,-0.35527829271003253
2014-11-01,0.0,-0.3371477221972482
2014-12-01,1.0,0.6804015513485726
2015-01-01,0.0,-0.3594566435130637
2015-02-01,0.0,-0.2378927305555875
2015-03-01,3.0,2.9991841681971345
2015-04-01,0.0,-1.501577858450461
2015-05-01,0.0,-0.999501663462206
2015-06-01,0.0,-0.7513538832852358
2015-07-01,1.0,0.4014887959730964
2015-08-01,0.0,-0.6723263508254811
2015-09-01,0.0,-0.5729409145905607
2015-10-01,1.0,0.498862276796298
2015-11-01,0.0,-0.5588062079029528
2015-12-01,1.0,0.49935259585602765
2016-01-01,0.0,-0.5441352524240366
2016-02-01,0.0,-0.49893809901602265
2016-03-01,2.0,1.5375708565386739
2016-04-01,3.0,2.426174445016523
2016-05-01,1.0,0.25009174575233983
2016-06-01,1.0,0.2936197500459692
2016-07-01,0.0,-0.7584029273819252
2016-08-01,0.0,-0.727875231928717
2016-09-01,0.0,-0.6710429973044407
2016-10-01,0.0,-0.6314734947505998
2016-11-01,0.0,-0.7202021913849315
2016-12-01,1.0,0.4019203903965527
2017-01-01,2.0,1.3960631881815988
2017-02-01,3.0,2.611183617321813
2017-03-01,1.0,-1.9998147200589176
2017-04-01,1.0,-0.9996147867548102
2017-05-01,0.0,-1.6621102315259848
2017-06-01,0.0,-1.2312596002516039
2017-07-01,0.0,-0.9909287215788616
2017-08-01,2.0,1.173898477990607
2017-09-01,0.0,-0.9740137883050191
2017-10-01,0.0,-0.8508709092503451
2017-11-01,2.0,1.2771378318611029
2017-12-01,0.0,-0.899700839847363
2018-01-01,1.0,0.169424996485517
2018-02-01,7.0,6.1608584312888155
2018-03-01,3.0,1.7972472037644258
2018-04-01,0.0,-1.4340539577530107
2018-05-01,0.0,-1.3132030092435443
2018-06-01,0.0,-1.2572419172339733
2018-07-01,1.0,-0.135942221683941
2018-08-01,0.0,-1.1950074202415863
2018-09-01,1.0,-0.11847603089256564
2018-10-01,0.0,-1.100384845143647
2018-11-01,2.0,0.9879133062036671
2018-12-01,0.0,-1.0421945938060315
2019-01-01,2.0,1.3050627533415948
2019-02-01,1.0,0.4184241914134349
2019-03-01,0.0,-0.9981154006423115
2019-04-01,0.0,-0.5237155006861199
2019-05-01,1.0,0.6712945726469336
2019-06-01,1.0,0.516542983580704
2019-07-01,2.0,1.4018080869893554
2019-08-01,0.0,-0.8893967073331204
2019-09-01,1.0,0.28392961180637843
2019-10-01,2.0,1.235749076791059
2019-11-01,0.0,-0.8928642384548253
2019-12-01,1.0,0.21306924752457435
2020-01-01,0.0,-0.8216101637691131
2020-02-01,0.0,-0.7291174183420579
2020-03-01,0.0,-0.4623857350691832
2020-04-01,0.0,-0.3402175950933433
2020-05-01,1.0,1.003759784149612
2020-06-01,6.0,5.461660143749038
2020-07-01,2.0,0.826952113274853
2020-08-01,1.0,-0.11955532356517784
2020-09-01,3.0,1.901241790141556
2020-10-01,1.0,-0.32419292554710966
2020-11-01,1.0,-0.2918337794369079
2020-12-01,0.0,-1.2634932821718377
2021-01-01,1.0,-0.08520494699982084
2021-02-01,0.0,-1.3264045618320757
2021-03-01,2.0,2.0311833964379087
2021-04-01,2.0,1.0536060133949916
2021-05-01,0.0,-1.3577154438361843
2021-06-01,1.0,0.022675841957302323
2021-07-01,1.0,-0.0398290781622439
2021-08-01,0.0,-0.9765241262886275
2021-09-01,1.0,0.13842880346821584
2021-10-01,2.0,1.1769518742264526
2021-11-01,0.0,-1.0298849816023892
2021-12-01,0.0,-0.9697548307236282
2022-01-01,1.0,0.18919055164975562
2022-02-01,1.0,0.17624203988651665
2022-03-01,2.0,1.0499405013098653
2022-04-01,2.0,1.0475955691852996
2022-05-01,5.0,3.9425586827598087
2022-06-01,18.0,16.753871129461423
2022-07-01,1.0,-1.34715600224613
2022-08-01,0.0,-2.1992859376125553
2022-09-01,0.0,-2.10564399849887
2022-10-01,1.0,-0.9924513243679078
2022-11-01,0.0,-1.9287590558153394
2022-12-01,1.0,-0.7985185337889082
2023-01-01,1.0,-0.7673955451046737
2023-02-01,0.0,-0.9787281331107092
2023-03-01,0.0,-0.07659281938037554
2023-04-01,1.0,1.017316030580419
2023-05-01,5.0,4.6061197159816905
2023-06-01,4.0,2.4902749388369956
2023-07-01,0.0,-1.9253927638054802
2023-08-01,1.0,-0.500721683680255
2023-09-01,0.0,-1.510006275103252
2023-10-01,0.0,-1.3497201445676827
2023-11-01,1.0,-0.22653338628085384
2023-12-01,0.0,-1.1347538549213827
2024-01-01,0.0,-1.0888032000470438
2024-02-01,1.0,0.12085105319498712
2024-03-01,0.0,-0.9047251018855287
2024-04-01,0.0,-0.890319598248134
2024-05-01,1.0,0.16909117834139853
2024-06-01,2.0,1.1262674145412492
2024-07-01,0.0,-0.9411919400296638
2024-08-01,0.0,-0.8752566295818768
2024-09-01,0.0,-0.8096743456111439
2024-10-01,0.0,-0.7318890499721521
2024-11-01,0.0,-1.0038871529797024
2024-12-01,0.0,-0.8721244992711429
2025-01-01,0.0,-0.8526513918766486
2025-02-01,0.0,-0.8689919142815427
2025-03-01,0.0,0.21495325618743233
2025-04-01,10.0,10.39321862400536
