Variable,N,Mean,Std. Dev.,Min,P25,Median,P75,Max
Unemployment Rate (%),1866,5.64,1.94,3.4,4.2,5.0,6.3,14.8
Labor Force Participation (%),1866,64.18,1.77,60.1,62.7,63.6,66.0,67.3
Federal Funds Rate (%),1872,2.01,2.03,0.05,0.15,1.26,3.98,6.54
10-Year Treasury Yield (%),6872,3.32,1.29,0.52,2.24,3.43,4.3,6.79
2-Year Treasury Yield (%),6872,2.26,1.76,0.09,0.65,1.81,3.85,6.93
3-Month Treasury Yield (%),6872,1.94,2.0,0.0,0.11,1.23,3.76,6.42
Real GDP (billions),618,18216.46,2790.65,13878.15,16298.26,17489.85,20431.64,24026.83
GDP Growth (%),618,2.29,5.0,-28.0,1.1,2.5,3.6,34.9
M2 Money Supply (billions),1872,11772.13,5597.57,4667.6,6883.15,10485.75,14791.52,22411.0
Housing Starts (thousands),1860,1307.33,424.66,478.0,1013.0,1316.5,1600.0,2273.0
Home Price Index,1866,188.34,62.62,100.55,144.57,172.13,208.56,330.45
Consumer Sentiment Index,1872,81.89,13.9,50.0,71.57,83.15,93.0,112.0
U.S. Dollar Index,5286,106.06,12.31,85.47,93.69,109.34,116.39,130.04
